ID-sick	ID-healthy	beta.D	cq
sick	healthy	1.010387554483766	0.9850912261450455
